<?xml version="1.0" encoding="UTF-8" ?>

<routes xmlns="http://symfony.com/schema/routing"
    xmlns:xsi="http://www.w3.org/2001/XMLSchema-instance"
    xsi:schemaLocation="http://symfony.com/schema/routing http://symfony.com/schema/routing/routing-1.0.xsd">

    <route id="sonata_admin_login" path="/login" methods="GET POST">
        <default key="_controller">BundlesUserBundle:AdminSecurity:login</default>
    </route>

    <route id="sonata_admin_check" path="/login_check" methods="POST">
        <default key="_controller">BundlesUserBundle:AdminSecurity:check</default>
    </route>

    <route id="sonata_admin_logout" path="/logout" methods="GET POST">
        <default key="_controller">BundlesUserBundle:AdminSecurity:logout</default>
    </route>
</routes>